Memcached Stats,Couchbase Exporter (Interesting Stats),Couchbase Exporter (Bucket Stats),Couchbase Exporter (Per-Node Bucket Stats),Native Prometheus (7.0+)
evictions,N/A,cbbucketstat_evictions,cbpernodebucket_evictions,kv_memcache_evictions{}
total_items,N/A,N/A,N/A,kv_memcache_total_items{}
reclaimed,N/A,N/A,N/A,kv_memcache_reclaimed{}
engine_maxbytes,N/A,N/A,N/A,kv_memcache_engine_maxbytes{}
ep_access_scanner_enabled,N/A,N/A,N/A,kv_ep_access_scanner_enabled{}
ep_allow_sanitize_value_in_deletion,N/A,N/A,N/A,kv_ep_allow_sanitize_value_in_deletion{}
ep_alog_block_size,N/A,N/A,N/A,kv_ep_alog_block_size{}
ep_alog_max_stored_items,N/A,N/A,N/A,kv_ep_alog_max_stored_items{}
ep_alog_path,N/A,N/A,N/A,kv_ep_alog_path{}
ep_alog_resident_ratio_threshold,N/A,N/A,N/A,kv_ep_alog_resident_ratio_threshold{}
ep_alog_sleep_time,N/A,N/A,N/A,kv_ep_alog_sleep_time{}
ep_alog_task_time,N/A,N/A,N/A,kv_ep_alog_task_time{}
ep_backend,N/A,N/A,N/A,kv_ep_backend{}
ep_backfill_mem_threshold,N/A,N/A,N/A,kv_ep_backfill_mem_threshold{}
ep_bfilter_enabled,N/A,N/A,N/A,kv_ep_bfilter_enabled{}
ep_bfilter_fp_prob,N/A,N/A,N/A,kv_ep_bfilter_fp_prob{}
ep_bfilter_key_count,N/A,N/A,N/A,kv_ep_bfilter_key_count{}
ep_bfilter_residency_threshold,N/A,N/A,N/A,kv_ep_bfilter_residency_threshold{}
ep_bucket_type,N/A,N/A,N/A,kv_ep_bucket_type{}
ep_chk_expel_enabled,N/A,N/A,N/A,kv_ep_chk_expel_enabled{}
ep_chk_max_items,N/A,N/A,N/A,kv_ep_chk_max_items{}
ep_chk_period,N/A,N/A,N/A,kv_ep_chk_period{}
ep_chk_remover_stime,N/A,N/A,N/A,kv_ep_chk_remover_stime{}
ep_collections_drop_compaction_delay,N/A,N/A,N/A,kv_ep_collections_drop_compaction_delay{}
ep_collections_enabled,N/A,N/A,N/A,kv_ep_collections_enabled{}
ep_compaction_exp_mem_threshold,N/A,N/A,N/A,kv_ep_compaction_exp_mem_threshold{}
ep_compaction_write_queue_cap,N/A,N/A,N/A,kv_ep_compaction_write_queue_cap{}
ep_compression_mode,N/A,N/A,N/A,kv_ep_compression_mode{}
ep_conflict_resolution_type,N/A,N/A,N/A,kv_ep_conflict_resolution_type{}
ep_connection_manager_interval,N/A,N/A,N/A,kv_ep_connection_manager_interval{}
ep_couch_bucket,N/A,N/A,N/A,kv_ep_couch_bucket{}
ep_couchstore_file_cache_max_size,N/A,N/A,N/A,kv_ep_couchstore_file_cache_max_size{}
ep_couchstore_mprotect,N/A,N/A,N/A,kv_ep_couchstore_mprotect{}
ep_couchstore_tracing,N/A,N/A,N/A,kv_ep_couchstore_tracing{}
ep_couchstore_write_validation,N/A,N/A,N/A,kv_ep_couchstore_write_validation{}
ep_cursor_dropping_checkpoint_mem_lower_mark,N/A,N/A,N/A,kv_ep_cursor_dropping_checkpoint_mem_lower_mark{}
ep_cursor_dropping_checkpoint_mem_upper_mark,N/A,N/A,N/A,kv_ep_cursor_dropping_checkpoint_mem_upper_mark{}
ep_cursor_dropping_lower_mark,N/A,N/A,N/A,kv_ep_cursor_dropping_lower_mark{}
ep_cursor_dropping_upper_mark,N/A,N/A,N/A,kv_ep_cursor_dropping_upper_mark{}
ep_data_traffic_enabled,N/A,N/A,N/A,kv_ep_data_traffic_enabled{}
ep_dbname,N/A,N/A,N/A,kv_ep_dbname{}
ep_dcp_backfill_byte_limit,N/A,N/A,N/A,kv_ep_dcp_backfill_byte_limit{}
ep_dcp_conn_buffer_size,N/A,N/A,N/A,kv_ep_dcp_conn_buffer_size{}
ep_dcp_conn_buffer_size_aggr_mem_threshold,N/A,N/A,N/A,kv_ep_dcp_conn_buffer_size_aggr_mem_threshold{}
ep_dcp_conn_buffer_size_aggressive_perc,N/A,N/A,N/A,kv_ep_dcp_conn_buffer_size_aggressive_perc{}
ep_dcp_conn_buffer_size_max,N/A,N/A,N/A,kv_ep_dcp_conn_buffer_size_max{}
ep_dcp_conn_buffer_size_perc,N/A,N/A,N/A,kv_ep_dcp_conn_buffer_size_perc{}
ep_dcp_consumer_process_buffered_messages_batch_size,N/A,N/A,N/A,kv_ep_dcp_consumer_process_buffered_messages_batch_size{}
ep_dcp_consumer_process_buffered_messages_yield_limit,N/A,N/A,N/A,kv_ep_dcp_consumer_process_buffered_messages_yield_limit{}
ep_dcp_enable_noop,N/A,N/A,N/A,kv_ep_dcp_enable_noop{}
ep_dcp_flow_control_policy,N/A,N/A,N/A,kv_ep_dcp_flow_control_policy{}
ep_dcp_idle_timeout,N/A,N/A,N/A,kv_ep_dcp_idle_timeout{}
ep_dcp_min_compression_ratio,N/A,N/A,N/A,kv_ep_dcp_min_compression_ratio{}
ep_dcp_noop_mandatory_for_v5_features,N/A,N/A,N/A,kv_ep_dcp_noop_mandatory_for_v5_features{}
ep_dcp_noop_tx_interval,N/A,N/A,N/A,kv_ep_dcp_noop_tx_interval{}
ep_dcp_producer_snapshot_marker_yield_limit,N/A,N/A,N/A,kv_ep_dcp_producer_snapshot_marker_yield_limit{}
ep_dcp_scan_byte_limit,N/A,N/A,N/A,kv_ep_dcp_scan_byte_limit{}
ep_dcp_scan_item_limit,N/A,N/A,N/A,kv_ep_dcp_scan_item_limit{}
ep_dcp_takeover_max_time,N/A,N/A,N/A,kv_ep_dcp_takeover_max_time{}
ep_defragmenter_age_threshold,N/A,N/A,N/A,kv_ep_defragmenter_age_threshold{}
ep_defragmenter_chunk_duration,N/A,N/A,N/A,kv_ep_defragmenter_chunk_duration{}
ep_defragmenter_enabled,N/A,N/A,N/A,kv_ep_defragmenter_enabled{}
ep_defragmenter_interval,N/A,N/A,N/A,kv_ep_defragmenter_interval{}
ep_defragmenter_stored_value_age_threshold,N/A,N/A,N/A,kv_ep_defragmenter_stored_value_age_threshold{}
ep_durability_min_level,N/A,N/A,N/A,kv_ep_durability_min_level{}
ep_durability_timeout_task_interval,N/A,N/A,N/A,kv_ep_durability_timeout_task_interval{}
ep_ephemeral_full_policy,N/A,N/A,N/A,kv_ep_ephemeral_full_policy{}
ep_ephemeral_metadata_mark_stale_chunk_duration,N/A,N/A,N/A,kv_ep_ephemeral_metadata_mark_stale_chunk_duration{}
ep_ephemeral_metadata_purge_age,N/A,N/A,N/A,kv_ep_ephemeral_metadata_purge_age{}
ep_ephemeral_metadata_purge_interval,N/A,N/A,N/A,kv_ep_ephemeral_metadata_purge_interval{}
ep_ephemeral_metadata_purge_stale_chunk_duration,N/A,N/A,N/A,kv_ep_ephemeral_metadata_purge_stale_chunk_duration{}
ep_executor_pool_backend,N/A,N/A,N/A,kv_ep_executor_pool_backend{}
ep_exp_pager_enabled,N/A,N/A,N/A,kv_ep_exp_pager_enabled{}
ep_exp_pager_initial_run_time,N/A,N/A,N/A,kv_ep_exp_pager_initial_run_time{}
ep_exp_pager_stime,N/A,N/A,N/A,kv_ep_exp_pager_stime{}
ep_failpartialwarmup,N/A,N/A,N/A,kv_ep_failpartialwarmup{}
ep_flusher_total_batch_limit,N/A,N/A,N/A,kv_ep_flusher_total_batch_limit{}
ep_fsync_after_every_n_bytes_written,N/A,N/A,N/A,kv_ep_fsync_after_every_n_bytes_written{}
ep_getl_default_timeout,N/A,N/A,N/A,kv_ep_getl_default_timeout{}
ep_getl_max_timeout,N/A,N/A,N/A,kv_ep_getl_max_timeout{}
ep_hlc_drift_ahead_threshold_us,N/A,N/A,N/A,kv_ep_hlc_drift_ahead_threshold_us{}
ep_hlc_drift_behind_threshold_us,N/A,N/A,N/A,kv_ep_hlc_drift_behind_threshold_us{}
ep_ht_locks,N/A,N/A,N/A,kv_ep_ht_locks{}
ep_ht_resize_interval,N/A,N/A,N/A,kv_ep_ht_resize_interval{}
ep_ht_size,N/A,N/A,N/A,kv_ep_ht_size{}
ep_item_compressor_chunk_duration,N/A,N/A,N/A,kv_ep_item_compressor_chunk_duration{}
ep_item_compressor_interval,N/A,N/A,N/A,kv_ep_item_compressor_interval{}
ep_item_eviction_age_percentage,N/A,N/A,N/A,kv_ep_item_eviction_age_percentage{}
ep_item_eviction_freq_counter_age_threshold,N/A,N/A,N/A,kv_ep_item_eviction_freq_counter_age_threshold{}
ep_item_eviction_policy,N/A,N/A,N/A,kv_ep_item_eviction_policy{}
ep_item_freq_decayer_chunk_duration,N/A,N/A,N/A,kv_ep_item_freq_decayer_chunk_duration{}
ep_item_freq_decayer_percent,N/A,N/A,N/A,kv_ep_item_freq_decayer_percent{}
ep_item_num_based_new_chk,N/A,N/A,N/A,kv_ep_item_num_based_new_chk{}
ep_keep_closed_chks,N/A,N/A,N/A,kv_ep_keep_closed_chks{}
ep_magma_bloom_filter_accuracy,N/A,N/A,N/A,kv_ep_magma_bloom_filter_accuracy{}
ep_magma_bloom_filter_accuracy_for_bottom_level,N/A,N/A,N/A,kv_ep_magma_bloom_filter_accuracy_for_bottom_level{}
ep_magma_checkpoint_every_batch,N/A,N/A,N/A,kv_ep_magma_checkpoint_every_batch{}
ep_magma_checkpoint_interval,N/A,N/A,N/A,kv_ep_magma_checkpoint_interval{}
ep_magma_checkpoint_threshold,N/A,N/A,N/A,kv_ep_magma_checkpoint_threshold{}
ep_magma_delete_frag_ratio,N/A,N/A,N/A,kv_ep_magma_delete_frag_ratio{}
ep_magma_delete_memtable_writecache,N/A,N/A,N/A,kv_ep_magma_delete_memtable_writecache{}
ep_magma_enable_block_cache,N/A,N/A,N/A,kv_ep_magma_enable_block_cache{}
ep_magma_enable_direct_io,N/A,N/A,N/A,kv_ep_magma_enable_direct_io{}
ep_magma_enable_upsert,N/A,N/A,N/A,kv_ep_magma_enable_upsert{}
ep_magma_expiry_frag_threshold,N/A,N/A,N/A,kv_ep_magma_expiry_frag_threshold{}
ep_magma_expiry_purger_interval,N/A,N/A,N/A,kv_ep_magma_expiry_purger_interval{}
ep_magma_flusher_thread_percentage,N/A,N/A,N/A,kv_ep_magma_flusher_thread_percentage{}
ep_magma_fragmentation_percentage,N/A,N/A,N/A,kv_ep_magma_fragmentation_percentage{}
ep_magma_heartbeat_interval,N/A,N/A,N/A,kv_ep_magma_heartbeat_interval{}
ep_magma_initial_wal_buffer_size,N/A,N/A,N/A,kv_ep_magma_initial_wal_buffer_size{}
ep_magma_max_checkpoints,N/A,N/A,N/A,kv_ep_magma_max_checkpoints{}
ep_magma_max_default_storage_threads,N/A,N/A,N/A,kv_ep_magma_max_default_storage_threads{}
ep_magma_max_level_0_ttl,N/A,N/A,N/A,kv_ep_magma_max_level_0_ttl{}
ep_magma_max_recovery_bytes,N/A,N/A,N/A,kv_ep_magma_max_recovery_bytes{}
ep_magma_max_write_cache,N/A,N/A,N/A,kv_ep_magma_max_write_cache{}
ep_magma_mem_quota_ratio,N/A,N/A,N/A,kv_ep_magma_mem_quota_ratio{}
ep_magma_value_separation_size,N/A,N/A,N/A,kv_ep_magma_value_separation_size{}
ep_magma_write_cache_ratio,N/A,N/A,N/A,kv_ep_magma_write_cache_ratio{}
ep_max_checkpoints,N/A,N/A,N/A,kv_ep_max_checkpoints{}
ep_max_failover_entries,N/A,N/A,N/A,kv_ep_max_failover_entries{}
ep_max_item_privileged_bytes,N/A,N/A,N/A,kv_ep_max_item_privileged_bytes{}
ep_max_item_size,N/A,N/A,N/A,kv_ep_max_item_size{}
ep_max_num_bgfetchers,N/A,N/A,N/A,kv_ep_max_num_bgfetchers{}
ep_max_num_shards,N/A,N/A,N/A,kv_ep_max_num_shards{}
ep_max_num_workers,N/A,N/A,N/A,kv_ep_max_num_workers{}
ep_max_size,N/A,cbbucketstat_ep_max_size_bytes,cbpernodebucket_ep_max_size,kv_ep_max_size{}
ep_cache_size,N/A,N/A,N/A,kv_ep_cache_size{}
ep_max_threads,N/A,N/A,N/A,kv_ep_max_threads{}
ep_max_ttl,N/A,N/A,N/A,kv_ep_max_ttl{}
ep_max_vbuckets,N/A,N/A,N/A,kv_ep_max_vbuckets{}
ep_mem_high_wat,N/A,cbbucketstat_ep_mem_high_wat_bytes,cbpernodebucket_ep_mem_high_wat,kv_ep_mem_high_wat{}
ep_mem_low_wat,N/A,cbbucketstat_ep_mem_low_wat_bytes,cbpernodebucket_ep_mem_low_wat,kv_ep_mem_low_wat{}
ep_mem_used_merge_threshold_percent,N/A,N/A,N/A,kv_ep_mem_used_merge_threshold_percent{}
ep_min_compression_ratio,N/A,N/A,N/A,kv_ep_min_compression_ratio{}
ep_mutation_mem_threshold,N/A,N/A,N/A,kv_ep_mutation_mem_threshold{}
ep_num_auxio_threads,N/A,N/A,N/A,kv_ep_num_auxio_threads{}
ep_num_nonio_threads,N/A,N/A,N/A,kv_ep_num_nonio_threads{}
ep_num_reader_threads,N/A,N/A,N/A,kv_ep_num_reader_threads{}
ep_num_writer_threads,N/A,N/A,N/A,kv_ep_num_writer_threads{}
ep_pager_active_vb_pcnt,N/A,N/A,N/A,kv_ep_pager_active_vb_pcnt{}
ep_pager_sleep_time_ms,N/A,N/A,N/A,kv_ep_pager_sleep_time_ms{}
ep_persistent_metadata_purge_age,N/A,N/A,N/A,kv_ep_persistent_metadata_purge_age{}
ep_pitr_enabled,N/A,N/A,N/A,kv_ep_pitr_enabled{}
ep_pitr_granularity,N/A,N/A,N/A,kv_ep_pitr_granularity{}
ep_pitr_max_history_age,N/A,N/A,N/A,kv_ep_pitr_max_history_age{}
ep_replication_throttle_cap_pcnt,N/A,N/A,N/A,kv_ep_replication_throttle_cap_pcnt{}
ep_replication_throttle_queue_cap,N/A,N/A,N/A,kv_ep_replication_throttle_queue_cap{}
ep_replication_throttle_threshold,N/A,N/A,N/A,kv_ep_replication_throttle_threshold{}
ep_retain_erroneous_tombstones,N/A,N/A,N/A,kv_ep_retain_erroneous_tombstones{}
ep_rocksdb_bbt_options,N/A,N/A,N/A,kv_ep_rocksdb_bbt_options{}
ep_rocksdb_block_cache_high_pri_pool_ratio,N/A,N/A,N/A,kv_ep_rocksdb_block_cache_high_pri_pool_ratio{}
ep_rocksdb_block_cache_ratio,N/A,N/A,N/A,kv_ep_rocksdb_block_cache_ratio{}
ep_rocksdb_cf_options,N/A,N/A,N/A,kv_ep_rocksdb_cf_options{}
ep_rocksdb_default_cf_optimize_compaction,N/A,N/A,N/A,kv_ep_rocksdb_default_cf_optimize_compaction{}
ep_rocksdb_high_pri_background_threads,N/A,N/A,N/A,kv_ep_rocksdb_high_pri_background_threads{}
ep_rocksdb_low_pri_background_threads,N/A,N/A,N/A,kv_ep_rocksdb_low_pri_background_threads{}
ep_rocksdb_memtables_ratio,N/A,N/A,N/A,kv_ep_rocksdb_memtables_ratio{}
ep_rocksdb_options,N/A,N/A,N/A,kv_ep_rocksdb_options{}
ep_rocksdb_seqno_cf_optimize_compaction,N/A,N/A,N/A,kv_ep_rocksdb_seqno_cf_optimize_compaction{}
ep_rocksdb_stats_level,N/A,N/A,N/A,kv_ep_rocksdb_stats_level{}
ep_rocksdb_uc_max_size_amplification_percent,N/A,N/A,N/A,kv_ep_rocksdb_uc_max_size_amplification_percent{}
ep_rocksdb_write_rate_limit,N/A,N/A,N/A,kv_ep_rocksdb_write_rate_limit{}
ep_sync_writes_max_allowed_replicas,N/A,N/A,N/A,kv_ep_sync_writes_max_allowed_replicas{}
ep_time_synchronization,N/A,N/A,N/A,kv_ep_time_synchronization{}
ep_uuid,N/A,N/A,N/A,kv_ep_uuid{}
ep_warmup,N/A,N/A,N/A,kv_ep_warmup{}
ep_warmup_batch_size,N/A,N/A,N/A,kv_ep_warmup_batch_size{}
ep_warmup_min_items_threshold,N/A,N/A,N/A,kv_ep_warmup_min_items_threshold{}
ep_warmup_min_memory_threshold,N/A,N/A,N/A,kv_ep_warmup_min_memory_threshold{}
ep_xattr_enabled,N/A,N/A,N/A,kv_ep_xattr_enabled{}
ep_storage_age,N/A,N/A,N/A,kv_ep_storage_age_seconds{}
ep_storage_age_highwat,N/A,N/A,N/A,kv_ep_storage_age_highwat_seconds{}
ep_num_workers,N/A,N/A,N/A,kv_ep_num_workers{}
ep_bucket_priority,N/A,N/A,N/A,kv_ep_bucket_priority{}
ep_total_enqueued,N/A,N/A,N/A,kv_ep_total_enqueued{}
ep_total_deduplicated,N/A,N/A,N/A,kv_ep_total_deduplicated{}
ep_expired_access,N/A,N/A,N/A,kv_ep_expired_access{}
ep_expired_compactor,N/A,N/A,N/A,kv_ep_expired_compactor{}
ep_expired_pager,N/A,N/A,N/A,kv_ep_expired_pager{}
ep_queue_size,N/A,cbbucketstat_ep_queue_size,cbpernodebucket_ep_queue_size,kv_ep_queue_size{}
ep_diskqueue_items,N/A,cbbucketstat_ep_diskqueue_items,cbpernodebucket_ep_diskqueue_items,kv_ep_diskqueue_items{}
ep_commit_num,N/A,N/A,N/A,kv_ep_commit_num{}
ep_commit_time,N/A,N/A,N/A,kv_ep_commit_time_seconds{}
ep_commit_time_total,N/A,N/A,N/A,kv_ep_commit_time_total_seconds{}
ep_item_begin_failed,N/A,N/A,N/A,kv_ep_item_begin_failed{}
ep_item_commit_failed,N/A,cbbucketstat_ep_item_commit_failed,cbpernodebucket_ep_item_commit_failed,kv_ep_item_commit_failed{}
ep_item_flush_expired,N/A,N/A,N/A,kv_ep_item_flush_expired{}
ep_item_flush_failed,N/A,N/A,N/A,kv_ep_item_flush_failed{}
ep_flusher_state,N/A,N/A,N/A,kv_ep_flusher_state{}
ep_flusher_todo,N/A,cbbucketstat_ep_flusher_todo,cbpernodebucket_ep_flusher_todo,kv_ep_flusher_todo{}
ep_total_persisted,N/A,N/A,N/A,kv_ep_total_persisted{}
ep_uncommitted_items,N/A,N/A,N/A,kv_ep_uncommitted_items{}
ep_chk_persistence_timeout,N/A,N/A,N/A,kv_ep_chk_persistence_timeout_seconds{}
ep_vbucket_del,N/A,N/A,N/A,kv_ep_vbucket_del{}
ep_vbucket_del_fail,N/A,N/A,N/A,kv_ep_vbucket_del_fail{}
ep_flush_duration_total,N/A,N/A,N/A,kv_ep_flush_duration_total_seconds{}
ep_persist_vbstate_total,N/A,N/A,N/A,kv_ep_persist_vbstate_total{}
mem_used,N/A,N/A,N/A,kv_mem_used_bytes{}
mem_used_estimate,N/A,N/A,N/A,kv_mem_used_estimate_bytes{}
ep_mem_low_wat_percent,N/A,N/A,N/A,kv_ep_mem_low_wat_percent_ratio{}
ep_mem_high_wat_percent,N/A,N/A,N/A,kv_ep_mem_high_wat_percent_ratio{}
bytes,N/A,N/A,N/A,kv_total_memory_used_bytes{}
ep_kv_size,N/A,cbbucketstat_ep_kv_size,cbpernodebucket_ep_kv_size,kv_ep_key_value_size_bytes{}
ep_blob_num,N/A,N/A,N/A,kv_ep_blob_num{}
ep_blob_overhead,N/A,N/A,N/A,"kv_memory_overhead_bytes{for=""blobs""}"
ep_value_size,N/A,N/A,N/A,"kv_memory_used_bytes{for=""blobs""}"
ep_storedval_size,N/A,N/A,N/A,"kv_memory_used_bytes{for=""storedvalues""}"
ep_storedval_overhead,N/A,N/A,N/A,"kv_memory_overhead_bytes{for=""storedvalues""}"
ep_storedval_num,N/A,N/A,N/A,kv_ep_storedval_num{}
ep_overhead,N/A,cbbucketstat_ep_overhead,cbpernodebucket_ep_overhead,kv_total_memory_overhead_bytes{}
ep_item_num,N/A,N/A,N/A,kv_ep_item_num{}
ep_oom_errors,N/A,cbbucketstat_ep_oom_errors,cbpernodebucket_ep_oom_errors,kv_ep_oom_errors{}
ep_tmp_oom_errors,N/A,cbbucketstat_ep_tmp_oom_errors,cbpernodebucket_ep_tmp_oom_errors,kv_ep_tmp_oom_errors{}
ep_mem_tracker_enabled,N/A,N/A,N/A,kv_ep_mem_tracker_enabled{}
ep_bg_fetched,cbnode_interestingstats_ep_bg_fetched,cbbucketstat_ep_bg_fetched,cbpernodebucket_ep_bg_fetched,kv_ep_bg_fetched{}
ep_bg_meta_fetched,N/A,N/A,N/A,kv_ep_bg_meta_fetched{}
ep_bg_remaining_items,N/A,N/A,N/A,kv_ep_bg_remaining_items{}
ep_bg_remaining_jobs,N/A,N/A,N/A,kv_ep_bg_remaining_jobs{}
ep_num_pager_runs,N/A,N/A,N/A,kv_ep_num_pager_runs{}
ep_num_expiry_pager_runs,N/A,N/A,N/A,kv_ep_num_expiry_pager_runs{}
ep_num_freq_decayer_runs,N/A,N/A,N/A,kv_ep_num_freq_decayer_runs{}
ep_items_expelled_from_checkpoints,N/A,N/A,N/A,kv_ep_items_expelled_from_checkpoints{}
ep_items_rm_from_checkpoints,N/A,N/A,N/A,kv_ep_items_rm_from_checkpoints{}
ep_num_value_ejects,N/A,cbbucketstat_ep_num_value_ejects,cbpernodebucket_ep_num_value_ejects,kv_ep_num_value_ejects{}
ep_num_eject_failures,N/A,N/A,N/A,kv_ep_num_eject_failures{}
ep_num_not_my_vbuckets,N/A,N/A,N/A,kv_ep_num_not_my_vbuckets{}
ep_pending_ops,N/A,N/A,N/A,kv_ep_pending_ops{}
ep_pending_ops_total,N/A,N/A,N/A,kv_ep_pending_ops_total{}
ep_pending_ops_max,N/A,N/A,N/A,kv_ep_pending_ops_max{}
ep_pending_ops_max_duration,N/A,N/A,N/A,kv_ep_pending_ops_max_duration_seconds{}
ep_pending_compactions,N/A,N/A,N/A,kv_ep_pending_compactions{}
ep_rollback_count,N/A,N/A,N/A,kv_ep_rollback_count{}
ep_vbucket_del_max_walltime,N/A,N/A,N/A,kv_ep_vbucket_del_max_walltime_seconds{}
ep_vbucket_del_avg_walltime,N/A,N/A,N/A,kv_ep_vbucket_del_avg_walltime_seconds{}
ep_bg_num_samples,N/A,N/A,N/A,kv_ep_bg_num_samples{}
ep_bg_min_wait,N/A,N/A,N/A,kv_ep_bg_min_wait_seconds{}
ep_bg_max_wait,N/A,N/A,N/A,kv_ep_bg_max_wait_seconds{}
ep_bg_wait_avg,N/A,N/A,N/A,kv_ep_bg_wait_avg_seconds{}
ep_bg_min_load,N/A,N/A,N/A,kv_ep_bg_min_load_seconds{}
ep_bg_max_load,N/A,N/A,N/A,kv_ep_bg_max_load_seconds{}
ep_bg_load_avg,N/A,N/A,N/A,kv_ep_bg_load_avg_seconds{}
ep_bg_wait,N/A,N/A,N/A,kv_ep_bg_wait_seconds{}
ep_bg_load,N/A,N/A,N/A,kv_ep_bg_load_seconds{}
ep_degraded_mode,N/A,N/A,N/A,kv_ep_degraded_mode{}
ep_num_access_scanner_runs,N/A,N/A,N/A,kv_ep_num_access_scanner_runs{}
ep_num_access_scanner_skips,N/A,N/A,N/A,kv_ep_num_access_scanner_skips{}
ep_access_scanner_last_runtime,N/A,N/A,N/A,kv_ep_access_scanner_last_runtime_seconds{}
ep_access_scanner_num_items,N/A,N/A,N/A,kv_ep_access_scanner_num_items{}
ep_access_scanner_task_time,N/A,N/A,N/A,kv_ep_access_scanner_task_time{}
ep_expiry_pager_task_time,N/A,N/A,N/A,kv_ep_expiry_pager_task_time{}
ep_startup_time,N/A,N/A,N/A,kv_ep_startup_time_seconds{}
ep_warmup_thread,N/A,N/A,N/A,kv_ep_warmup_thread{}
ep_warmup_time,N/A,N/A,N/A,kv_ep_warmup_time_seconds{}
ep_warmup_oom,N/A,N/A,N/A,kv_ep_warmup_oom{}
ep_warmup_dups,N/A,N/A,N/A,kv_ep_warmup_dups{}
ep_num_ops_get_meta,N/A,cbbucketstat_ep_num_ops_get_meta,cbpernodebucket_ep_num_ops_get_meta,"kv_ops{op=""get_meta""}"
ep_num_ops_set_meta,N/A,cbbucketstat_ep_num_ops_set_meta,cbpernodebucket_ep_num_ops_set_meta,"kv_ops{op=""set_meta""}"
ep_num_ops_del_meta,N/A,cbbucketstat_ep_num_ops_del_meta,cbpernodebucket_ep_num_ops_del_meta,"kv_ops{op=""del_meta""}"
ep_num_ops_set_meta_res_fail,N/A,N/A,N/A,"kv_ops_failed{op=""set_meta""}"
ep_num_ops_del_meta_res_fail,N/A,N/A,N/A,"kv_ops_failed{op=""del_meta""}"
ep_num_ops_set_ret_meta,N/A,cbbucketstat_ep_num_ops_set_ret_meta,cbpernodebucket_ep_num_ops_set_ret_meta,"kv_ops{op=""set_ret_meta""}"
ep_num_ops_del_ret_meta,N/A,cbbucketstat_ep_num_ops_del_ret_meta,cbpernodebucket_ep_num_ops_del_ret_meta,"kv_ops{op=""del_ret_meta""}"
ep_num_ops_get_meta_on_set_meta,N/A,N/A,N/A,"kv_ops{op=""get_meta_for_set_meta""}"
ep_workload_pattern,N/A,N/A,N/A,kv_ep_workload_pattern{}
ep_defragmenter_num_visited,N/A,N/A,N/A,kv_ep_defragmenter_num_visited{}
ep_defragmenter_num_moved,N/A,N/A,N/A,kv_ep_defragmenter_num_moved{}
ep_defragmenter_sv_num_moved,N/A,N/A,N/A,kv_ep_defragmenter_sv_num_moved{}
ep_item_compressor_num_visited,N/A,N/A,N/A,kv_ep_item_compressor_num_visited{}
ep_item_compressor_num_compressed,N/A,N/A,N/A,kv_ep_item_compressor_num_compressed{}
ep_cursor_dropping_lower_threshold,N/A,N/A,N/A,kv_ep_cursor_dropping_lower_threshold_bytes{}
ep_cursor_dropping_upper_threshold,N/A,N/A,N/A,kv_ep_cursor_dropping_upper_threshold_bytes{}
ep_cursors_dropped,N/A,N/A,N/A,kv_ep_cursors_dropped{}
ep_cursor_memory_freed,N/A,N/A,N/A,kv_ep_cursor_memory_freed_bytes{}
ep_data_write_failed,N/A,N/A,cbpernodebucket_ep_data_write_failed,kv_ep_data_write_failed{}
ep_data_read_failed,N/A,N/A,cbpernodebucket_ep_data_read_failed,kv_ep_data_read_failed{}
ep_io_document_write_bytes,N/A,N/A,N/A,kv_ep_io_document_write_bytes_bytes{}
ep_io_total_read_bytes,N/A,N/A,N/A,kv_ep_io_total_read_bytes_bytes{}
ep_io_total_write_bytes,N/A,N/A,N/A,kv_ep_io_total_write_bytes_bytes{}
ep_io_compaction_read_bytes,N/A,N/A,N/A,kv_ep_io_compaction_read_bytes_bytes{}
ep_io_compaction_write_bytes,N/A,N/A,N/A,kv_ep_io_compaction_write_bytes_bytes{}
ep_io_bg_fetch_read_count,N/A,N/A,N/A,kv_ep_io_bg_fetch_read_count{}
ep_bg_fetch_avg_read_amplification,N/A,N/A,N/A,kv_ep_bg_fetch_avg_read_amplification_ratio{}
ep_magma_compactions,N/A,N/A,N/A,kv_ep_magma_compactions{}
ep_magma_flushes,N/A,N/A,N/A,kv_ep_magma_flushes{}
ep_magma_ttl_compactions,N/A,N/A,N/A,kv_ep_magma_ttl_compactions{}
ep_magma_filecount_compactions,N/A,N/A,N/A,kv_ep_magma_filecount_compactions{}
ep_magma_writer_compactions,N/A,N/A,N/A,kv_ep_magma_writer_compactions{}
ep_magma_readamp,N/A,N/A,N/A,kv_ep_magma_readamp_ratio{}
ep_magma_readamp_get,N/A,N/A,N/A,kv_ep_magma_readamp_get_ratio{}
ep_magma_read_bytes,N/A,N/A,N/A,kv_ep_magma_read_bytes_bytes{}
ep_magma_read_bytes_compact,N/A,N/A,N/A,kv_ep_magma_read_bytes_compact_bytes{}
ep_magma_read_bytes_get,N/A,N/A,N/A,kv_ep_magma_read_bytes_get_bytes{}
ep_magma_bytes_outgoing,N/A,N/A,N/A,kv_ep_magma_bytes_outgoing_bytes{}
ep_magma_readio,N/A,N/A,N/A,kv_ep_magma_readio{}
ep_magma_readioamp,N/A,N/A,N/A,kv_ep_magma_readioamp_ratio{}
ep_magma_bytes_per_read,N/A,N/A,N/A,kv_ep_magma_bytes_per_read_ratio{}
ep_magma_writeamp,N/A,N/A,N/A,kv_ep_magma_writeamp_ratio{}
ep_magma_bytes_incoming,N/A,N/A,N/A,kv_ep_magma_bytes_incoming_bytes{}
ep_magma_write_bytes,N/A,N/A,N/A,kv_ep_magma_write_bytes_bytes{}
ep_magma_write_bytes_compact,N/A,N/A,N/A,kv_ep_magma_write_bytes_compact_bytes{}
ep_magma_logical_data_size,N/A,N/A,N/A,kv_ep_magma_logical_data_size_bytes{}
ep_magma_logical_disk_size,N/A,N/A,N/A,kv_ep_magma_logical_disk_size_bytes{}
ep_magma_fragmentation,N/A,N/A,N/A,kv_ep_magma_fragmentation_ratio{}
ep_magma_total_disk_usage,N/A,N/A,N/A,kv_ep_magma_total_disk_usage_bytes{}
ep_magma_wal_disk_usage,N/A,N/A,N/A,kv_ep_magma_wal_disk_usage_bytes{}
ep_magma_block_cache_mem_used,N/A,N/A,N/A,kv_ep_magma_block_cache_mem_used_bytes{}
ep_magma_write_cache_mem_used,N/A,N/A,N/A,kv_ep_magma_write_cache_mem_used_bytes{}
ep_magma_wal_mem_used,N/A,N/A,N/A,kv_ep_magma_wal_mem_used_bytes{}
ep_magma_table_meta_mem_used,N/A,N/A,N/A,kv_ep_magma_table_meta_mem_used_bytes{}
ep_magma_buffer_mem_used,N/A,N/A,N/A,kv_ep_magma_buffer_mem_used_bytes{}
ep_magma_bloom_filter_mem_used,N/A,N/A,N/A,kv_ep_magma_bloom_filter_mem_used_bytes{}
ep_magma_index_resident_ratio,N/A,N/A,N/A,kv_ep_magma_index_resident_ratio_ratio{}
ep_magma_block_cache_hits,N/A,N/A,N/A,kv_ep_magma_block_cache_hits{}
ep_magma_block_cache_misses,N/A,N/A,N/A,kv_ep_magma_block_cache_misses{}
ep_magma_block_cache_hit_ratio,N/A,N/A,N/A,kv_ep_magma_block_cache_hit_ratio_ratio{}
ep_magma_tables_created,N/A,N/A,N/A,kv_ep_magma_tables_created{}
ep_magma_tables_deleted,N/A,N/A,N/A,kv_ep_magma_tables_deleted{}
ep_magma_tables,N/A,N/A,N/A,kv_ep_magma_tables{}
ep_magma_syncs,N/A,N/A,N/A,kv_ep_magma_syncs{}
ep_rocksdb_kMemTableTotal,N/A,N/A,N/A,kv_ep_rocksdb_kMemTableTotal_bytes{}
ep_rocksdb_kMemTableUnFlushed,N/A,N/A,N/A,kv_ep_rocksdb_kMemTableUnFlushed_bytes{}
ep_rocksdb_kTableReadersTotal,N/A,N/A,N/A,kv_ep_rocksdb_kTableReadersTotal_bytes{}
ep_rocksdb_kCacheTotal,N/A,N/A,N/A,kv_ep_rocksdb_kCacheTotal_bytes{}
ep_rocksdb_default_kSizeAllMemTables,N/A,N/A,N/A,kv_ep_rocksdb_default_kSizeAllMemTables_bytes{}
ep_rocksdb_seqno_kSizeAllMemTables,N/A,N/A,N/A,kv_ep_rocksdb_seqno_kSizeAllMemTables_bytes{}
ep_rocksdb_block_cache_data_hit_ratio,N/A,N/A,N/A,kv_ep_rocksdb_block_cache_data_hit_ratio_ratio{}
ep_rocksdb_block_cache_index_hit_ratio,N/A,N/A,N/A,kv_ep_rocksdb_block_cache_index_hit_ratio_ratio{}
ep_rocksdb_block_cache_filter_hit_ratio,N/A,N/A,N/A,kv_ep_rocksdb_block_cache_filter_hit_ratio_ratio{}
ep_rocksdb_default_kTotalSstFilesSize,N/A,N/A,N/A,kv_ep_rocksdb_default_kTotalSstFilesSize_bytes{}
ep_rocksdb_seqno_kTotalSstFilesSize,N/A,N/A,N/A,kv_ep_rocksdb_seqno_kTotalSstFilesSize_bytes{}
ep_rocksdb_scan_totalSeqnoHits,N/A,N/A,N/A,kv_ep_rocksdb_scan_totalSeqnoHits{}
ep_rocksdb_scan_oldSeqnoHits,N/A,N/A,N/A,kv_ep_rocksdb_scan_oldSeqnoHits{}
ep_db_data_size,N/A,N/A,N/A,kv_ep_db_data_size_bytes{}
ep_db_file_size,N/A,N/A,N/A,kv_ep_db_file_size_bytes{}
ep_db_history_file_size,N/A,N/A,N/A,kv_ep_db_history_file_size_bytes{}
ep_db_prepare_size,N/A,N/A,N/A,kv_ep_db_prepare_size_bytes{}
bg_wait,N/A,N/A,N/A,kv_bg_wait_seconds{}
bg_load,N/A,N/A,N/A,kv_bg_load_seconds{}
pending_ops,N/A,N/A,N/A,kv_pending_ops_seconds{}
access_scanner,N/A,N/A,N/A,kv_access_scanner_seconds{}
checkpoint_remover,N/A,N/A,N/A,kv_checkpoint_remover_seconds{}
item_pager,N/A,N/A,N/A,kv_item_pager_seconds{}
expiry_pager,N/A,N/A,N/A,kv_expiry_pager_seconds{}
storage_age,N/A,N/A,N/A,kv_storage_age_seconds{}
set_with_meta,N/A,N/A,N/A,"kv_cmd_time_taken_seconds{op=""set_with_meta""}"
get_cmd,N/A,N/A,N/A,"kv_cmd_time_taken_seconds{op=""get""}"
store_cmd,N/A,N/A,N/A,"kv_cmd_time_taken_seconds{op=""store""}"
arith_cmd,N/A,N/A,N/A,"kv_cmd_time_taken_seconds{op=""arith""}"
get_stats_cmd,N/A,N/A,N/A,"kv_cmd_time_taken_seconds{op=""get_stats""}"
get_vb_cmd,N/A,N/A,N/A,"kv_cmd_time_taken_seconds{op=""get_vb""}"
set_vb_cmd,N/A,N/A,N/A,"kv_cmd_time_taken_seconds{op=""set_vb""}"
del_vb_cmd,N/A,N/A,N/A,"kv_cmd_time_taken_seconds{op=""del_vb""}"
chk_persistence_cmd,N/A,N/A,N/A,"kv_cmd_time_taken_seconds{op=""chk_persistence""}"
notify_io,N/A,N/A,N/A,kv_notify_io_seconds{}
disk_insert,N/A,N/A,N/A,"kv_disk_seconds{op=""insert""}"
disk_update,N/A,N/A,N/A,"kv_disk_seconds{op=""update""}"
disk_del,N/A,N/A,N/A,"kv_disk_seconds{op=""del""}"
disk_vb_del,N/A,N/A,N/A,"kv_disk_seconds{op=""vb_del""}"
disk_commit,N/A,N/A,N/A,"kv_disk_seconds{op=""commit""}"
item_alloc_sizes,N/A,N/A,N/A,kv_item_alloc_sizes_bytes{}
bg_batch_size,N/A,N/A,N/A,kv_bg_batch_size{}
persistence_cursor_get_all_items,N/A,N/A,N/A,"kv_cursor_get_all_items_time_seconds{cursor_type=""persistence""}"
dcp_cursors_get_all_items,N/A,N/A,N/A,"kv_cursor_get_all_items_time_seconds{cursor_type=""dcp""}"
sync_write_commit_majority,N/A,N/A,N/A,"kv_sync_write_commit_duration_seconds{level=""majority""}"
sync_write_commit_majority_and_persist_on_master,N/A,N/A,N/A,"kv_sync_write_commit_duration_seconds{level=""majority_and_persist_on_master""}"
sync_write_commit_persist_to_majority,N/A,N/A,N/A,"kv_sync_write_commit_duration_seconds{level=""persist_to_majority""}"
uptime,N/A,N/A,N/A,kv_uptime_seconds{}
stat_reset,N/A,N/A,N/A,kv_stat_reset{}
time,N/A,N/A,N/A,kv_time_seconds{}
version,N/A,N/A,N/A,kv_version{}
memcached_version,N/A,N/A,N/A,kv_memcached_version{}
daemon_connections,N/A,N/A,N/A,kv_daemon_connections{}
curr_connections,N/A,cbbucketstat_curr_connections,cbpernodebucket_curr_connections,kv_curr_connections{}
system_connections,N/A,N/A,N/A,kv_system_connections{}
total_connections,N/A,N/A,N/A,kv_total_connections{}
connection_structures,N/A,N/A,N/A,kv_connection_structures{}
cmd_set,N/A,N/A,N/A,"kv_ops{op=""set""}"
cmd_flush,N/A,N/A,N/A,"kv_ops{op=""flush""}"
cmd_lock,N/A,N/A,N/A,"kv_ops{op=""lock""}"
cmd_subdoc_lookup,N/A,N/A,N/A,"kv_subdoc_ops{op=""lookup""}"
cmd_subdoc_mutation,N/A,N/A,N/A,"kv_subdoc_ops{op=""mutation""}"
bytes_subdoc_lookup_total,N/A,N/A,N/A,kv_subdoc_lookup_searched_bytes{}
bytes_subdoc_lookup_extracted,N/A,N/A,N/A,kv_subdoc_lookup_extracted_bytes{}
bytes_subdoc_mutation_total,N/A,N/A,N/A,kv_subdoc_mutation_updated_bytes{}
bytes_subdoc_mutation_inserted,N/A,N/A,N/A,kv_subdoc_mutation_inserted_bytes{}
cmd_total_sets,N/A,N/A,N/A,kv_cmd_total_sets{}
cmd_total_gets,N/A,N/A,N/A,kv_cmd_total_gets{}
cmd_total_ops,N/A,N/A,N/A,kv_cmd_total_ops{}
cmd_mutation,N/A,N/A,N/A,kv_cmd_mutation{}
cmd_lookup,N/A,N/A,N/A,kv_cmd_lookup{}
auth_cmds,N/A,N/A,N/A,kv_auth_cmds{}
auth_errors,N/A,N/A,N/A,kv_auth_errors{}
get_hits,cbnode_interestingstats_get_hits,cbbucketstat_get_hits,cbpernodebucket_get_hits,"kv_ops{result=""hit"",op=""get""}"
get_misses,N/A,cbbucketstat_get_misses,cbpernodebucket_get_misses,"kv_ops{result=""miss"",op=""get""}"
delete_misses,N/A,cbbucketstat_delete_misses,cbpernodebucket_delete_misses,"kv_ops{result=""miss"",op=""delete""}"
delete_hits,N/A,cbbucketstat_delete_hits,cbpernodebucket_delete_hits,"kv_ops{result=""hit"",op=""delete""}"
incr_misses,N/A,cbbucketstat_incr_misses,cbpernodebucket_incr_misses,"kv_ops{result=""miss"",op=""incr""}"
incr_hits,N/A,cbbucketstat_incr_hits,cbpernodebucket_incr_hits,"kv_ops{result=""hit"",op=""incr""}"
decr_misses,N/A,cbbucketstat_decr_misses,cbpernodebucket_decr_misses,"kv_ops{result=""miss"",op=""decr""}"
decr_hits,N/A,cbbucketstat_decr_hits,cbpernodebucket_decr_hits,"kv_ops{result=""hit"",op=""decr""}"
cas_misses,N/A,cbbucketstat_cas_misses,cbpernodebucket_cas_misses,"kv_ops{result=""miss"",op=""cas""}"
cas_hits,N/A,cbbucketstat_cas_hits,cbpernodebucket_cas_hits,"kv_ops{result=""hit"",op=""cas""}"
cas_badval,N/A,cbbucketstat_cas_badval,cbpernodebucket_cas_bad_val,"kv_ops{result=""badval"",op=""cas""}"
bytes_read,N/A,cbbucketstat_read_bytes,cbpernodebucket_bytes_read,kv_read_bytes{}
bytes_written,N/A,cbbucketstat_written_bytes,cbpernodebucket_bytes_written,kv_written_bytes{}
rejected_conns,N/A,N/A,N/A,kv_rejected_conns{}
threads,N/A,N/A,N/A,kv_threads{}
conn_yields,N/A,N/A,N/A,kv_conn_yields{}
iovused_high_watermark,N/A,N/A,N/A,kv_iovused_high_watermark{}
msgused_high_watermark,N/A,N/A,N/A,kv_msgused_high_watermark{}
lock_errors,N/A,N/A,N/A,kv_lock_errors{}
cmd_lookup_10s_count,N/A,N/A,N/A,kv_cmd_lookup_10s_count{}
cmd_lookup_10s_duration_us,N/A,N/A,N/A,kv_cmd_lookup_10s_duration_seconds{}
cmd_mutation_10s_count,N/A,N/A,N/A,kv_cmd_mutation_10s_count{}
cmd_mutation_10s_duration_us,N/A,N/A,N/A,kv_cmd_mutation_10s_duration_seconds{}
total_resp_errors,N/A,N/A,N/A,kv_total_resp_errors{}
enabled,N/A,N/A,N/A,kv_audit_enabled{}
dropped_events,N/A,N/A,N/A,kv_audit_dropped_events{}
vb_active_num,N/A,cbbucketstat_vbuckets_active_num,cbpernodebucket_vb_active_num,"kv_num_vbuckets{state=""active""}"
vb_replica_num,N/A,cbbucketstat_vbuckets_replica_num,cbpernodebucket_vb_replica_num,"kv_num_vbuckets{state=""replica""}"
vb_pending_num,N/A,cbbucketstat_vbuckets_pending_num,cbpernodebucket_vb_pending_num,"kv_num_vbuckets{state=""pending""}"
vb_dead_num,N/A,N/A,N/A,"kv_num_vbuckets{state=""dead""}"
vb_active_curr_items,N/A,N/A,N/A,"kv_vb_curr_items{state=""active""}"
vb_replica_curr_items,cbnode_interestingstats_vb_replica_curr_items,cbbucketstat_vbuckets_replica_curr_items,cbpernodebucket_vb_replica_curr_items,"kv_vb_curr_items{state=""replica""}"
vb_pending_curr_items,N/A,cbbucketstat_vbuckets_pending_curr_items,cbpernodebucket_vb_pending_curr_items,"kv_vb_curr_items{state=""pending""}"
vb_active_hp_vb_req_size,N/A,N/A,N/A,"kv_num_high_pri_requests{state=""active""}"
vb_replica_hp_vb_req_size,N/A,N/A,N/A,"kv_num_high_pri_requests{state=""replica""}"
vb_pending_hp_vb_req_size,N/A,N/A,N/A,"kv_num_high_pri_requests{state=""pending""}"
vb_active_num_non_resident,cbnode_interestingstats_vb_active_number_non_resident,cbbucketstat_vbuckets_active_num_non_resident,cbpernodebucket_vb_active_num_non_resident,"kv_vb_num_non_resident{state=""active""}"
vb_replica_num_non_resident,N/A,cbbucketstat_vbuckets_replica_num_non_resident,cbpernodebucket_vb_replica_num_non_resident,"kv_vb_num_non_resident{state=""replica""}"
vb_pending_num_non_resident,N/A,cbbucketstat_vbuckets_pending_num_non_resident,cbpernodebucket_vb_pending_num_non_resident,"kv_vb_num_non_resident{state=""pending""}"
vb_active_perc_mem_resident,N/A,cbbucketstat_vbuckets_active_resident_items_ratio,cbpernodebucket_vb_active_resident_items_ratio,"kv_vb_perc_mem_resident_ratio{state=""active""}"
vb_replica_perc_mem_resident,N/A,cbbucketstat_vbuckets_replica_resident_items_ratio,cbpernodebucket_vb_replica_resident_items_ratio,"kv_vb_perc_mem_resident_ratio{state=""replica""}"
vb_pending_perc_mem_resident,N/A,cbbucketstat_vbuckets_pending_resident_items_ratio,cbpernodebucket_vb_pending_resident_items_ratio,"kv_vb_perc_mem_resident_ratio{state=""pending""}"
vb_active_eject,N/A,cbbucketstat_vbuckets_active_eject,cbpernodebucket_vb_active_eject,"kv_vb_eject{state=""active""}"
vb_replica_eject,N/A,cbbucketstat_vbuckets_replica_eject,cbpernodebucket_vb_replica_eject,"kv_vb_eject{state=""replica""}"
vb_pending_eject,N/A,cbbucketstat_vbuckets_pending_eject,cbpernodebucket_vb_pending_eject,"kv_vb_eject{state=""pending""}"
vb_active_expired,N/A,N/A,N/A,"kv_vb_expired{state=""active""}"
vb_replica_expired,N/A,N/A,N/A,"kv_vb_expired{state=""replica""}"
vb_pending_expired,N/A,N/A,N/A,"kv_vb_expired{state=""pending""}"
vb_active_meta_data_memory,N/A,cbbucketstat_vbuckets_active_meta_data_memory,cbpernodebucket_vb_active_meta_data_memory,"kv_vb_meta_data_memory_bytes{state=""active""}"
vb_replica_meta_data_memory,N/A,cbbucketstat_vbuckets_replica_meta_data_memory,cbpernodebucket_vb_replica_meta_data_memory,"kv_vb_meta_data_memory_bytes{state=""replica""}"
vb_pending_meta_data_memory,N/A,cbbucketstat_vbuckets_pending_meta_data_memory,cbpernodebucket_vb_pending_meta_data_memory,"kv_vb_meta_data_memory_bytes{state=""pending""}"
vb_active_meta_data_disk,N/A,N/A,N/A,"kv_vb_meta_data_disk_bytes{state=""active""}"
vb_replica_meta_data_disk,N/A,N/A,N/A,"kv_vb_meta_data_disk_bytes{state=""replica""}"
vb_pending_meta_data_disk,N/A,N/A,N/A,"kv_vb_meta_data_disk_bytes{state=""pending""}"
vb_active_checkpoint_memory,N/A,N/A,N/A,"kv_vb_checkpoint_memory_bytes{state=""active""}"
vb_replica_checkpoint_memory,N/A,N/A,N/A,"kv_vb_checkpoint_memory_bytes{state=""replica""}"
vb_pending_checkpoint_memory,N/A,N/A,N/A,"kv_vb_checkpoint_memory_bytes{state=""pending""}"
vb_active_checkpoint_memory_unreferenced,N/A,N/A,N/A,"kv_vb_checkpoint_memory_unreferenced_bytes{state=""active""}"
vb_replica_checkpoint_memory_unreferenced,N/A,N/A,N/A,"kv_vb_checkpoint_memory_unreferenced_bytes{state=""replica""}"
vb_pending_checkpoint_memory_unreferenced,N/A,N/A,N/A,"kv_vb_checkpoint_memory_unreferenced_bytes{state=""pending""}"
vb_active_checkpoint_memory_overhead,N/A,N/A,N/A,"kv_vb_checkpoint_memory_overhead_bytes{state=""active""}"
vb_replica_checkpoint_memory_overhead,N/A,N/A,N/A,"kv_vb_checkpoint_memory_overhead_bytes{state=""replica""}"
vb_pending_checkpoint_memory_overhead,N/A,N/A,N/A,"kv_vb_checkpoint_memory_overhead_bytes{state=""pending""}"
vb_active_ht_memory,N/A,N/A,N/A,"kv_vb_ht_memory_bytes{state=""active""}"
vb_replica_ht_memory,N/A,N/A,N/A,"kv_vb_ht_memory_bytes{state=""replica""}"
vb_pending_ht_memory,N/A,N/A,N/A,"kv_vb_ht_memory_bytes{state=""pending""}"
vb_active_itm_memory,N/A,cbbucketstat_vbuckets_active_itm_memory,cbpernodebucket_vb_active_itm_memory,"kv_vb_itm_memory_bytes{state=""active""}"
vb_replica_itm_memory,N/A,cbbucketstat_vbuckets_replica_itm_memory,cbpernodebucket_vb_replica_itm_memory,"kv_vb_itm_memory_bytes{state=""replica""}"
vb_pending_itm_memory,N/A,cbbucketstat_vbuckets_pending_itm_memory,cbpernodebucket_vb_pending_itm_memory,"kv_vb_itm_memory_bytes{state=""pending""}"
vb_active_itm_memory_uncompressed,N/A,N/A,N/A,"kv_vb_itm_memory_uncompressed_bytes{state=""active""}"
vb_replica_itm_memory_uncompressed,N/A,N/A,N/A,"kv_vb_itm_memory_uncompressed_bytes{state=""replica""}"
vb_pending_itm_memory_uncompressed,N/A,N/A,N/A,"kv_vb_itm_memory_uncompressed_bytes{state=""pending""}"
vb_active_ops_create,N/A,cbbucketstat_vbuckets_active_ops_create,cbpernodebucket_vb_active_ops_create,"kv_vb_ops_create{state=""active""}"
vb_replica_ops_create,N/A,cbbucketstat_vbuckets_replica_ops_create,cbpernodebucket_vb_replica_ops_create,"kv_vb_ops_create{state=""replica""}"
vb_pending_ops_create,N/A,cbbucketstat_vbuckets_pending_ops_create,cbpernodebucket_vb_pending_ops_create,"kv_vb_ops_create{state=""pending""}"
vb_active_ops_update,N/A,cbbucketstat_vbuckets_active_ops_update,cbpernodebucket_vb_active_ops_update,"kv_vb_ops_update{state=""active""}"
vb_replica_ops_update,N/A,cbbucketstat_vbuckets_replica_ops_update,cbpernodebucket_vb_replica_ops_update,"kv_vb_ops_update{state=""replica""}"
vb_pending_ops_update,N/A,cbbucketstat_vbuckets_pending_ops_update,cbpernodebucket_vb_pending_ops_update,"kv_vb_ops_update{state=""pending""}"
vb_active_ops_delete,N/A,N/A,N/A,"kv_vb_ops_delete{state=""active""}"
vb_replica_ops_delete,N/A,N/A,N/A,"kv_vb_ops_delete{state=""replica""}"
vb_pending_ops_delete,N/A,N/A,N/A,"kv_vb_ops_delete{state=""pending""}"
vb_active_ops_get,N/A,N/A,N/A,"kv_vb_ops_get{state=""active""}"
vb_replica_ops_get,N/A,N/A,N/A,"kv_vb_ops_get{state=""replica""}"
vb_pending_ops_get,N/A,N/A,N/A,"kv_vb_ops_get{state=""pending""}"
vb_active_ops_reject,N/A,N/A,N/A,"kv_vb_ops_reject{state=""active""}"
vb_replica_ops_reject,N/A,N/A,N/A,"kv_vb_ops_reject{state=""replica""}"
vb_pending_ops_reject,N/A,N/A,N/A,"kv_vb_ops_reject{state=""pending""}"
vb_active_queue_size,N/A,cbbucketstat_vbuckets_active_queue_size,cbpernodebucket_vb_active_queue_size,"kv_vb_queue_size{state=""active""}"
vb_replica_queue_size,N/A,cbbucketstat_vbuckets_replica_queue_size,cbpernodebucket_vb_replica_queue_size,"kv_vb_queue_size{state=""replica""}"
vb_pending_queue_size,N/A,cbbucketstat_vbuckets_pending_queue_size,cbpernodebucket_vb_pending_queue_size,"kv_vb_queue_size{state=""pending""}"
vb_active_queue_memory,N/A,N/A,N/A,"kv_vb_queue_memory_bytes{state=""active""}"
vb_replica_queue_memory,N/A,N/A,N/A,"kv_vb_queue_memory_bytes{state=""replica""}"
vb_pending_queue_memory,N/A,N/A,N/A,"kv_vb_queue_memory_bytes{state=""pending""}"
vb_active_queue_age,N/A,cbbucketstat_vbuckets_active_queue_age,cbpernodebucket_vb_active_queue_age,"kv_vb_queue_age_seconds{state=""active""}"
vb_replica_queue_age,N/A,cbbucketstat_vbuckets_replica_queue_age,cbpernodebucket_vb_replica_queue_age,"kv_vb_queue_age_seconds{state=""replica""}"
vb_pending_queue_age,N/A,cbbucketstat_vbuckets_pending_queue_age,cbpernodebucket_vb_pending_queue_age,"kv_vb_queue_age_seconds{state=""pending""}"
vb_active_queue_pending,N/A,N/A,N/A,"kv_vb_queue_pending_bytes{state=""active""}"
vb_replica_queue_pending,N/A,N/A,N/A,"kv_vb_queue_pending_bytes{state=""replica""}"
vb_pending_queue_pending,N/A,N/A,N/A,"kv_vb_queue_pending_bytes{state=""pending""}"
vb_active_queue_fill,N/A,cbbucketstat_vbuckets_active_queue_fill,cbpernodebucket_vb_active_queue_fill,"kv_vb_queue_fill{state=""active""}"
vb_replica_queue_fill,N/A,cbbucketstat_vbuckets_replica_queue_fill,cbpernodebucket_vb_replica_queue_fill,"kv_vb_queue_fill{state=""replica""}"
vb_pending_queue_fill,N/A,cbbucketstat_vbuckets_pending_queue_fill,cbpernodebucket_vb_pending_queue_fill,"kv_vb_queue_fill{state=""pending""}"
vb_active_queue_drain,N/A,cbbucketstat_vbuckets_active_queue_drain,cbpernodebucket_vb_active_queue_drain,"kv_vb_queue_drain{state=""active""}"
vb_replica_queue_drain,N/A,cbbucketstat_vbuckets_replica_queue_drain,cbpernodebucket_vb_replica_queue_drain,"kv_vb_queue_drain{state=""replica""}"
vb_pending_queue_drain,N/A,cbbucketstat_vbuckets_pending_queue_drain,cbpernodebucket_vb_pending_queue_drain,"kv_vb_queue_drain{state=""pending""}"
vb_active_rollback_item_count,N/A,N/A,N/A,"kv_vb_rollback_item_count{state=""active""}"
vb_replica_rollback_item_count,N/A,N/A,N/A,"kv_vb_rollback_item_count{state=""replica""}"
vb_pending_rollback_item_count,N/A,N/A,N/A,"kv_vb_rollback_item_count{state=""pending""}"
curr_items,cbnode_interestingstats_curr_items,N/A,cbpernodebucket_curr_items,kv_curr_items{}
curr_temp_items,N/A,N/A,N/A,kv_curr_temp_items{}
curr_items_tot,cbnode_interestingstats_curr_items_tot,cbbucketstat_curr_items_tot,cbpernodebucket_curr_items_tot,kv_curr_items_tot{}
vb_active_sync_write_accepted_count,N/A,N/A,N/A,"kv_vb_sync_write_accepted_count{state=""active""}"
vb_replica_sync_write_accepted_count,N/A,N/A,N/A,"kv_vb_sync_write_accepted_count{state=""replica""}"
vb_active_sync_write_committed_count,N/A,N/A,N/A,"kv_vb_sync_write_committed_count{state=""active""}"
vb_replica_sync_write_committed_count,N/A,N/A,N/A,"kv_vb_sync_write_committed_count{state=""replica""}"
vb_active_sync_write_aborted_count,N/A,N/A,N/A,"kv_vb_sync_write_aborted_count{state=""active""}"
vb_replica_sync_write_aborted_count,N/A,N/A,N/A,"kv_vb_sync_write_aborted_count{state=""replica""}"
ep_vb_total,N/A,cbbucketstat_ep_vbuckets,cbpernodebucket_ep_vb_total,kv_ep_vb_total{}
ep_total_new_items,N/A,N/A,N/A,kv_ep_total_new_items{}
ep_total_del_items,N/A,N/A,N/A,kv_ep_total_del_items{}
ep_diskqueue_memory,N/A,N/A,N/A,kv_ep_diskqueue_memory_bytes{}
ep_diskqueue_fill,N/A,cbbucketstat_ep_diskqueue_fill,cbpernodebucket_ep_diskqueue_fill,kv_ep_diskqueue_fill{}
ep_diskqueue_drain,N/A,cbbucketstat_ep_diskqueue_drain,cbpernodebucket_ep_diskqueue_drain,kv_ep_diskqueue_drain{}
ep_diskqueue_pending,N/A,N/A,N/A,kv_ep_diskqueue_pending{}
ep_meta_data_memory,N/A,cbbucketstat_ep_meta_data_memory,cbpernodebucket_ep_meta_data_memory,kv_ep_meta_data_memory_bytes{}
ep_meta_data_disk,N/A,N/A,N/A,kv_ep_meta_data_disk_bytes{}
ep_checkpoint_memory,N/A,N/A,N/A,kv_ep_checkpoint_memory_bytes{}
ep_checkpoint_memory_unreferenced,N/A,N/A,N/A,kv_ep_checkpoint_memory_unreferenced_bytes{}
ep_checkpoint_memory_overhead,N/A,N/A,N/A,kv_ep_checkpoint_memory_overhead_bytes{}
ep_total_cache_size,N/A,N/A,N/A,kv_ep_total_cache_size_bytes{}
rollback_item_count,N/A,N/A,N/A,kv_rollback_item_count{}
ep_num_non_resident,N/A,cbbucketstat_ep_num_non_resident,cbpernodebucket_ep_num_non_resident,kv_ep_num_non_resident{}
ep_chk_persistence_remains,N/A,N/A,N/A,kv_ep_chk_persistence_remains{}
ep_active_hlc_drift,N/A,cbbucketstat_ep_active_hlc_drift,cbpernodebucket_ep_active_hlc_drift,"kv_ep_hlc_drift_seconds{state=""active""}"
ep_active_hlc_drift_count,N/A,N/A,cbpernodebucket_ep_active_hlc_drift_count,"kv_ep_hlc_drift_count{state=""active""}"
ep_replica_hlc_drift,N/A,cbbucketstat_ep_replica_hlc_drift,cbpernodebucket_ep_replica_hlc_drift,"kv_ep_hlc_drift_seconds{state=""replica""}"
ep_replica_hlc_drift_count,N/A,N/A,cbpernodebucket_ep_replica_hlc_drift_count,"kv_ep_hlc_drift_count{state=""replica""}"
ep_active_ahead_exceptions,N/A,cbbucketstat_ep_active_ahead_exceptions,cbpernodebucket_ep_active_ahead_exceptions,"kv_ep_ahead_exceptions{state=""active""}"
ep_active_behind_exceptions,N/A,N/A,N/A,"kv_ep_behind_exceptions{state=""active""}"
ep_replica_ahead_exceptions,N/A,cbbucketstat_ep_replica_ahead_exceptions,cbpernodebucket_ep_replica_ahead_exceptions,"kv_ep_ahead_exceptions{state=""replica""}"
ep_replica_behind_exceptions,N/A,N/A,N/A,"kv_ep_behind_exceptions{state=""replica""}"
ep_clock_cas_drift_threshold_exceeded,N/A,cbbucketstat_ep_clock_cas_drift_threshold_exceeded,cbpernodebucket_ep_clock_cas_drift_threshold_exceeded,kv_ep_clock_cas_drift_threshold_exceeded{}
vb_active_auto_delete_count,N/A,N/A,N/A,"kv_vb_auto_delete_count{state=""active""}"
vb_replica_auto_delete_count,N/A,N/A,N/A,"kv_vb_auto_delete_count{state=""replica""}"
vb_pending_auto_delete_count,N/A,N/A,N/A,"kv_vb_auto_delete_count{state=""pending""}"
vb_active_ht_tombstone_purged_count,N/A,N/A,N/A,"kv_vb_ht_tombstone_purged_count{state=""active""}"
vb_replica_ht_tombstone_purged_count,N/A,N/A,N/A,"kv_vb_ht_tombstone_purged_count{state=""replica""}"
vb_pending_ht_tombstone_purged_count,N/A,N/A,N/A,"kv_vb_ht_tombstone_purged_count{state=""pending""}"
vb_active_seqlist_count,N/A,N/A,N/A,"kv_vb_seqlist_count{state=""active""}"
vb_replica_seqlist_count,N/A,N/A,N/A,"kv_vb_seqlist_count{state=""replica""}"
vb_pending_seqlist_count,N/A,N/A,N/A,"kv_vb_seqlist_count{state=""pending""}"
vb_active_seqlist_deleted_count,N/A,N/A,N/A,"kv_vb_seqlist_deleted_count{state=""active""}"
vb_replica_seqlist_deleted_count,N/A,N/A,N/A,"kv_vb_seqlist_deleted_count{state=""replica""}"
vb_pending_seqlist_deleted_count,N/A,N/A,N/A,"kv_vb_seqlist_deleted_count{state=""pending""}"
vb_active_seqlist_purged_count,N/A,N/A,N/A,"kv_vb_seqlist_purged_count{state=""active""}"
vb_replica_seqlist_purged_count,N/A,N/A,N/A,"kv_vb_seqlist_purged_count{state=""replica""}"
vb_pending_seqlist_purged_count,N/A,N/A,N/A,"kv_vb_seqlist_purged_count{state=""pending""}"
vb_active_seqlist_read_range_count,N/A,N/A,N/A,"kv_vb_seqlist_read_range_count{state=""active""}"
vb_replica_seqlist_read_range_count,N/A,N/A,N/A,"kv_vb_seqlist_read_range_count{state=""replica""}"
vb_pending_seqlist_read_range_count,N/A,N/A,N/A,"kv_vb_seqlist_read_range_count{state=""pending""}"
vb_active_seqlist_stale_count,N/A,N/A,N/A,"kv_vb_seqlist_stale_count{state=""active""}"
vb_replica_seqlist_stale_count,N/A,N/A,N/A,"kv_vb_seqlist_stale_count{state=""replica""}"
vb_pending_seqlist_stale_count,N/A,N/A,N/A,"kv_vb_seqlist_stale_count{state=""pending""}"
vb_active_seqlist_stale_value_bytes,N/A,N/A,N/A,"kv_vb_seqlist_stale_value_bytes{state=""active""}"
vb_replica_seqlist_stale_value_bytes,N/A,N/A,N/A,"kv_vb_seqlist_stale_value_bytes{state=""replica""}"
vb_pending_seqlist_stale_value_bytes,N/A,N/A,N/A,"kv_vb_seqlist_stale_value_bytes{state=""pending""}"
vb_active_seqlist_stale_metadata_bytes,N/A,N/A,N/A,"kv_vb_seqlist_stale_metadata_bytes{state=""active""}"
vb_replica_seqlist_stale_metadata_bytes,N/A,N/A,N/A,"kv_vb_seqlist_stale_metadata_bytes{state=""replica""}"
vb_pending_seqlist_stale_metadata_bytes,N/A,N/A,N/A,"kv_vb_seqlist_stale_metadata_bytes{state=""pending""}"
manifest_uid,N/A,N/A,N/A,kv_manifest_uid{}
force,N/A,N/A,N/A,kv_manifest_force{}
name,N/A,N/A,N/A,kv_collection_name{}
scope_name,N/A,N/A,N/A,kv_collection_scope_name{}
maxTTL,N/A,N/A,N/A,kv_collection_maxTTL_seconds{}
name,N/A,N/A,N/A,kv_scope_name{}
collections,N/A,N/A,N/A,kv_scope_collection_count{}
collections_mem_used,N/A,N/A,N/A,kv_collection_mem_used_bytes{}
items,N/A,N/A,N/A,kv_collection_item_count{}
disk_size,N/A,N/A,N/A,kv_collection_disk_size_bytes{}
ops_store,N/A,N/A,N/A,"kv_collection_ops{op=""store""}"
ops_delete,N/A,N/A,N/A,"kv_collection_ops{op=""delete""}"
ops_get,N/A,N/A,N/A,"kv_collection_ops{op=""get""}"
N/A,N/A,cbbucketstat_couch_docs_fragmentation,cbpernodebucket_couch_docs_fragmentation,((kv_ep_db_file_size_bytes - kv_ep_db_history_file_size_bytes) - kv_ep_db_data_size_bytes) /  (kv_ep_db_file_size_bytes - kv_ep_db_history_file_size_bytes)